sample_id,source_name,framework,css_framework,component_type,element_count_reported,code_tokens,tokens_img,tokens_total,img_w,img_h,html_chars,css_chars,css_chars_src,html_chars_src,css_decls,css_rules,n_domains,accept_via,final_score,pixel_sim,dom_nodes,parse_ok,png_blank
5c73bbcad661,codepen,vanilla,vanilla,form,33,1437,1000,2437,1280,800,4598,2532,4186,2056,62,17,0,pixel,,1.0,45,True,False
12c23a744f31,codepen,angular,vanilla,component,41,1309,2048,3357,1280,5014,5150,822,1286,4286,38,16,0,pixel,,1.0,64,True,False
9c637555c906,codepen,vanilla,vanilla,component,15,497,1009,1506,1288,802,1541,344,627,908,19,5,1,pixel,,1.0,20,True,False
7eb087449073,codepen,vanilla,vanilla,component,5,973,900,1873,1280,720,2149,1875,2210,372,65,12,0,pixel,,1.0,9,True,False
7e445f857cb5,github,vanilla,tailwind,form,507,13018,2048,15066,1280,19437,39401,0,0,31806,0,0,53,pixel,,0.9990529632080147,607,True,False
8dc750606d20,sap-fundamental-styles,vanilla,vanilla,page,21,316,900,1216,1280,720,932,234,94367,656,12,4,0,pixel,,1.0,26,True,False
35f2e1d7a8d7,github,vanilla,vanilla,page,356,7586,2048,9634,1280,5448,22709,6288,19381,13456,264,73,0,pixel,,1.0,480,True,False
edd9dde56973,codepen,vanilla,vanilla,component,29,3014,1151,4165,1280,921,8064,6752,10136,1270,338,98,1,metric,0.9919541304990128,0.8901356225280505,35,True,False
98ff0f808be7,codepen,vanilla,vanilla,component,44,1942,916,2858,1288,728,4867,3156,23710,1669,84,34,1,pixel,,1.0,52,True,False
29757c9918ed,github,angular,tailwind,form,138,6492,2048,8540,1280,1697,16452,0,0,17650,0,0,6,pixel,,1.0,138,True,False
c4702874f8e5,codepen,vanilla,tailwind,list,66,2022,2048,4070,1288,3401,6744,1463,2593,5239,64,27,4,pixel,,1.0,129,True,False
954351fa35d8,three-drei,vanilla,vanilla,page,5,134,900,1034,1280,720,393,0,13046,352,0,0,0,pixel,,1.0,5,True,False
ba0db218d935,codepen,vanilla,vanilla,card,12,3339,2048,5387,1280,1898,14112,71,88,13999,3,2,0,pixel,,1.0,23,True,False
495790a01245,codepen,vanilla,vanilla,form,5,566,900,1466,1280,720,1841,1530,2166,269,34,12,1,pixel,,1.0,10,True,False
dbab73c77537,github,vanilla,tailwind,page,94,3839,2048,5887,1280,2605,10407,5145,8243,5041,207,60,1,pixel,,1.0,138,True,False
a416fad88b0f,codepen,vanilla,vanilla,component,12,583,910,1493,1280,728,1679,1131,1664,506,27,15,0,pixel,,1.0,19,True,False
019c6d6df756,github,vue,vanilla,button,232,4290,2048,6338,1280,4847,15436,0,0,15060,0,0,0,pixel,,1.0,291,True,False
86beea644fb9,codepen,vanilla,vanilla,page,116,3437,2048,5485,1280,2598,11854,2918,4289,8894,116,28,0,pixel,,1.0,215,True,False
47e03dd0cad8,codepen,angular,tailwind,button,45,2338,1518,3856,1280,1214,5365,0,0,5313,0,0,0,pixel,,1.0,55,True,False
5d27b0d9609d,codepen,vanilla,vanilla,page,13,1301,900,2201,1280,720,3898,3252,6073,604,108,18,1,pixel,,1.0,18,True,False
881f1e3e94bb,github,angular,vanilla,button,112,2108,2048,4156,1280,3602,7250,0,0,6399,0,0,0,pixel,,1.0,140,True,False
26e2d5b16478,lapaninja,react,tailwind,button,2005,60560,2048,62608,1326,30978,194510,5217,15413,199521,96,53,11,pixel,,1.0,2515,True,False
15694166a64b,github,angular,tailwind,button,357,7370,2048,9418,1280,8585,25688,0,0,24079,0,0,0,pixel,,1.0,450,True,False
faad76d7cb55,github,vanilla,vanilla,page,8,153,1000,1153,1280,800,470,157,336,230,8,2,0,pixel,,1.0,8,True,False
e1990f4b26ce,github,angular,vanilla,page,106,4732,2048,6780,1280,2670,14393,6364,14669,7363,166,53,4,metric,0.9975262916785184,0.9016713045356146,173,True,False
3b6caa43eb6a,codepen,angular,vanilla,accordion,20,1358,900,2258,1280,720,4824,1138,2323,3644,27,11,1,pixel,,1.0,36,True,False
1fef01ea146a,w3schools,vanilla,vanilla,page,8,203,2048,2251,1280,3029,537,188,207,336,4,2,0,pixel,,1.0,12,True,False
3ab9dac4b63e,github,vanilla,vanilla,card,49,395,900,1295,1280,720,1332,146,265,2902,7,1,1,pixel,,1.0,28,True,False
3dd11ce1e861,github,react,tailwind,button,230,9466,2048,11514,1280,3956,27729,0,100,29291,0,0,12,pixel,,1.0,259,True,False
77de90133302,codepen,vanilla,vanilla,progress,29,1442,1594,3036,1280,1275,3935,2531,3120,1362,72,24,0,pixel,,1.0,48,True,False
041775c6f107,github,vanilla,tailwind,button,192,3404,2048,5452,1280,5613,11582,0,0,10318,0,0,9,pixel,,1.0,238,True,False
69eb61697321,codepen,vanilla,vanilla,component,8,560,900,1460,1280,720,1733,1162,1395,529,24,12,0,pixel,,1.0,18,True,False
298a234cfe0d,codepen,vanilla,vanilla,table,50,1832,1529,3361,1280,1223,6282,53,55,6013,1,1,3,pixel,,1.0,74,True,False
ac1715ef7fb5,github,angular,vanilla,button,202,3784,2048,5832,1280,5804,11896,291,2882,10546,18,2,0,pixel,,1.0,252,True,False
2ba386c4041f,codepen,vanilla,vanilla,component,12,335,2048,2383,1280,1750,842,21,27,1060,1,1,0,pixel,,1.0,19,True,False
c542258d8e8e,github,vanilla,vanilla,button,45,1146,1166,2312,1280,933,3585,1020,1979,2409,32,12,5,pixel,,1.0,75,True,False
69e61fdbd8c9,codepen,vanilla,vanilla,form,30,1283,900,2183,1280,720,3606,1933,2368,1631,63,11,0,pixel,,1.0,40,True,False
3ba3b746b875,codepen,vanilla,material,page,85,2670,2048,4718,1280,2920,7981,2706,5064,5355,111,34,2,pixel,,1.0,140,True,False
abe2bc8294ba,lapaninja,react,tailwind,button,1440,76655,2048,78703,1280,3403,161330,0,0,163887,0,0,5,pixel,,1.0,1470,True,False
bb4a1fa76b5e,contentful-forma-36,vanilla,vanilla,button,7,154,900,1054,1280,720,494,0,13046,467,0,0,0,pixel,,1.0,9,True,False
195757ccc99a,github,react,bootstrap,button,111,2179,2048,4227,1280,4928,6716,0,0,5747,0,0,4,pixel,,1.0,130,True,False
eb734c1e70c9,codepen,vanilla,vanilla,sidebar,17,2125,900,3025,1280,720,5486,3877,5652,1567,48,68,0,pixel,,1.0,21,True,False
acafe4c2c214,github,react,tailwind,button,402,8506,2048,10554,1280,12005,26405,0,0,24449,0,0,4,pixel,,1.0,500,True,False
a7c916f9eb71,codepen,vanilla,vanilla,list,95,3751,2048,5799,1280,1761,12234,5826,11493,6005,152,41,0,pixel,,1.0,156,True,False
0392b22de9a6,lapaninja,angular,tailwind,button,242,4497,2048,6545,1280,5331,15808,348,1997,22012,12,5,5,pixel,,1.0,223,True,False
7e9577db9088,github,vanilla,vanilla,list,91,168141,1721,169862,1280,1377,484438,478747,497183,5897,87,21,10,pixel,,1.0,165,True,False
33382614e4df,github,vanilla,tailwind,button,286,5468,2048,7516,1280,7328,19029,0,0,18924,0,0,0,pixel,,1.0,343,True,False
3cb9da518a9d,codepen,vanilla,vanilla,button,4,509,900,1409,1280,720,1286,1115,1723,129,54,7,0,pixel,,1.0,8,True,False
fcc303a87261,github,vanilla,tailwind,button,279,4575,2048,6623,1280,3806,18371,0,0,17433,0,0,1,pixel,,1.0,349,True,False
61d0b7586e4c,workday-canvas,vanilla,vanilla,button,185,9910,900,10810,1280,720,23612,144,58836,23426,3,3,0,pixel,,1.0,215,True,False
693b5ab70519,codepen,vanilla,vanilla,button,18,1892,900,2792,1280,720,5154,4189,7092,1099,132,25,1,pixel,,1.0,26,True,False
8aee34122a83,github,vanilla,vanilla,button,31,1569,948,2517,1337,726,5057,2512,6782,2422,122,30,0,pixel,,1.0,51,True,False
7e6d45f090aa,mistica-web,vanilla,vanilla,button,54,3314,1944,5258,1280,1555,7823,364,72236,7482,12,6,0,pixel,,1.0,58,True,False
5c51f6415e31,github,vanilla,vanilla,header,90,4998,1856,6854,1280,1485,11040,2893,26944,11200,91,23,1,pixel,,1.0,107,True,False
e4d4281439f3,github,vanilla,tailwind,button,154,6010,2048,8058,1280,10405,12430,0,0,11053,0,0,7,pixel,,1.0,173,True,False
2e967a8f67ed,codepen,vanilla,vanilla,component,8,2505,900,3405,1280,720,5387,5009,5414,336,123,64,0,pixel,,1.0,12,True,False
2022a5443b2b,orbit-kiwi,angular,tailwind,button,304,12920,1268,14188,1280,1014,40222,6597,460913,33619,165,108,0,metric,0.9953618590343898,0.9733737526968717,453,True,False
0f6d0a19a5fc,codepen,vanilla,vanilla,button,11,369,900,1269,1280,720,1166,619,2697,505,10,5,1,pixel,,1.0,18,True,False
30c289d4ae4b,codepen,vanilla,vanilla,footer,17,491,900,1391,1280,720,1460,714,1245,704,35,8,1,pixel,,1.0,28,True,False
6c5a484a3f21,github,react,tailwind,button,97,6153,1060,7213,1280,848,16468,5301,11777,12257,88,8,1,pixel,,1.0,86,True,False
edebfc6c1db2,codepen,vue,vanilla,page,26,1156,1295,2451,1280,1036,3706,1621,6688,2052,73,15,0,pixel,,1.0,39,True,False
7b501b2b742a,github,angular,vanilla,button,290,8589,1261,9850,1371,942,21785,1641,3078,22533,52,21,3,pixel,,1.0,301,True,False
a239043c21ed,github,vanilla,tailwind,page,1064,15111,2048,17159,1280,4127,45390,8828,50845,36607,272,119,17,pixel,,1.0,2029,True,False
8d49ef5f7b3d,codepen,vanilla,vanilla,page,30,1374,1140,2514,1280,912,4280,1930,4487,2182,45,14,1,metric,0.9995870482775157,0.9827265331616931,47,True,False
b2a4a0a8b97f,storybook-design-system,vanilla,vanilla,form,505,33550,1095,34645,1280,876,56032,931,9147,55059,37,5,0,pixel,,1.0,564,True,False
58109da687b8,codepen,angular,vanilla,page,92,2754,1482,4236,1280,1186,9682,2596,4708,6841,105,27,1,pixel,,1.0,125,True,False
8afc48ae45f5,github,react,tailwind,card,150,3312,2048,5360,1280,4306,12419,15,18,11433,1,1,6,pixel,,1.0,237,True,False
7f48c2687725,codepen,vanilla,vanilla,component,35,772,900,1672,1280,720,2635,314,2687,2253,2,2,0,metric,0.9629186228626868,0.9664843508873456,66,True,False
755b3cde14a9,codepen,vanilla,tailwind,page,88,1750,2048,3798,1280,2656,6134,981,1253,5111,33,22,0,pixel,,1.0,155,True,False
54a618d2898b,backstage,angular,tailwind,card,20,1733,900,2633,1280,720,4742,2415,33289,2270,78,31,1,pixel,,1.0,28,True,False
b89c5661585b,codepen,vanilla,vanilla,component,44,5173,900,6073,1280,720,13779,11332,13482,2405,217,47,0,pixel,,1.0,48,True,False
6319abae0468,github,angular,tailwind,button,202,3854,2048,5902,1280,2896,12721,0,0,12204,0,0,2,pixel,,1.0,276,True,False
a173015de0a1,orbit-kiwi,angular,tailwind,button,134,6092,900,6992,1280,720,17932,4520,460913,13383,117,72,0,metric,0.9947373340234467,0.976282537899419,201,True,False
7f3138ea3877,github,vanilla,bootstrap,button,435,7671,2048,9719,1280,5800,28360,0,0,26808,0,0,2,pixel,,1.0,511,True,False
7d38c947d943,codepen,vanilla,material,modal,41,1299,2048,3347,1280,2223,4087,814,2044,2886,37,12,6,pixel,,1.0,70,True,False
9a771f7f3df5,github,vanilla,tailwind,button,164,3033,2048,5081,1280,3194,11328,0,0,11651,0,0,6,pixel,,1.0,206,True,False
6542dc044bb9,github,vanilla,vanilla,navbar,9,679,900,1579,1280,720,2030,1267,2143,765,57,13,2,pixel,,1.0,20,True,False
b2720a6ff409,github,react,tailwind,page,155,16187,2048,18235,1280,2926,26895,4299,10565,22297,177,44,1,pixel,,1.0,213,True,False
c04d9c76be7e,orbit-kiwi,angular,tailwind,button,91,5597,900,6497,1280,720,15776,5374,460913,10373,135,82,0,metric,0.9896620791182069,0.9947797691993464,135,True,False
4314af07b234,github,react,vanilla,form,263,9978,2048,12026,1280,9369,30801,5792,10719,23693,150,55,18,pixel,,1.0,458,True,False
db0bf3135641,codepen,vanilla,vanilla,form,15,437,900,1337,1280,720,1142,477,617,623,17,8,0,pixel,,1.0,24,True,False
86331c306296,codepen,vanilla,vanilla,page,8,108,900,1008,1280,720,244,0,0,217,0,0,0,pixel,,1.0,14,True,False
c8d5bae55635,github,angular,vanilla,button,409,6994,2048,9042,1280,5634,23994,0,0,25852,0,0,9,pixel,,1.0,529,True,False
3be48141ce3d,codepen,vanilla,vanilla,dropdown,12,905,900,1805,1280,720,2444,1692,2308,710,16,9,3,pixel,,1.0,25,True,False
c1572887075f,codepen,vue,vanilla,list,29,687,1000,1687,1280,800,2171,310,427,1819,13,3,1,pixel,,1.0,58,True,False
2d27df0a9922,github,angular,tailwind,button,90,2394,1832,4226,1280,1466,7225,0,0,7245,0,0,1,pixel,,0.9999978767086644,94,True,False
4803c44a5e85,codepen,vanilla,vanilla,sidebar,28,911,1280,2191,1280,1024,2551,751,1226,1598,31,13,1,pixel,,1.0,40,True,False
75b9fc02556b,github,vanilla,tailwind,form,372,6108,2048,8156,1280,9138,20582,0,0,18173,0,0,0,pixel,,1.0,482,True,False
b426ad09158b,github,angular,tailwind,button,426,11997,2048,14045,1280,13267,45405,0,0,42838,0,0,8,pixel,,1.0,588,True,False
98d870b5c293,codepen,vanilla,tailwind,page,258,9526,2048,11574,1280,5264,28528,13527,25792,13190,422,96,0,pixel,,1.0,398,True,False
07a534285de9,codepen,vanilla,vanilla,page,502,4493,900,5393,1280,720,10760,1116,1339,9602,15,9,0,pixel,,0.9976874489379085,508,True,False
b4426908bff8,codepen,angular,vanilla,page,101,3714,2048,5762,1280,1966,10030,250,4816,9535,10,4,13,pixel,,1.0,216,True,False
93898cb118df,github,angular,tailwind,page,307,5713,2048,7761,1280,3007,22040,1662,9116,20567,44,19,1,pixel,,1.0,450,True,False
11e567c72862,codepen,vanilla,vanilla,list,17,553,1400,1953,1280,1120,1597,708,1159,847,30,9,1,pixel,,1.0,29,True,False
62be876a0f6a,codepen,vanilla,vanilla,component,16,530,2048,2578,1280,4232,1465,402,1023,1021,19,6,0,pixel,,1.0,20,True,False
d8ba524c4010,github,react,tailwind,button,361,6173,2048,8221,1280,6601,24492,0,0,24342,0,0,2,pixel,,1.0,470,True,False
864bacfa076e,codepen,angular,tailwind,button,82,1956,1739,3695,1280,1391,6362,2226,4275,4207,106,31,0,metric,0.9974101497360173,0.9751808284220288,118,True,False
d229cf97e956,codepen,angular,vanilla,page,69,2281,900,3181,1280,720,8113,3441,8434,4630,104,36,3,pixel,,1.0,86,True,False
f4f593556958,codepen,vanilla,vanilla,component,10,849,920,1769,1280,736,2175,1531,1956,602,48,21,0,pixel,,1.0,23,True,False
9404095bca49,grommet,vanilla,vanilla,page,7,469,900,1369,1280,720,829,26,9351,761,2,1,0,pixel,,1.0,9,True,False
1c7d661522bd,github,react,tailwind,button,217,8120,2048,10168,1280,5862,25251,0,0,24647,0,0,13,pixel,,1.0,277,True,False
3b0f385c82d1,github,vanilla,vanilla,page,46,1726,2048,3774,1280,2593,5710,2522,5701,3270,99,27,4,pixel,,1.0,77,True,False
29fef4d354cb,github,angular,vanilla,button,251,5220,2048,7268,1280,4037,20103,0,0,19999,0,0,12,pixel,,1.0,349,True,False
11a0ddc3afce,codepen,vanilla,vanilla,button,31,818,900,1718,1280,720,2827,504,874,2281,23,8,1,pixel,,1.0,66,True,False
7bf31f6a71af,codepen,vanilla,vanilla,component,12,500,900,1400,1280,720,1475,556,835,631,30,5,0,pixel,,1.0,22,True,False
3da8ae52cf5d,github,react,antd,button,238,11376,2048,13424,1280,5958,33852,10869,13808,23792,422,95,5,pixel,,1.0,269,True,False
75cb4d0cc3b4,github,vue,tailwind,page,282,7474,2048,9522,1280,6595,23530,0,0,24011,0,0,0,pixel,,1.0,399,True,False
98a5013634fa,codepen,vanilla,vanilla,page,52,5910,2048,7958,1280,3341,13368,8348,11869,4978,196,60,3,pixel,,1.0,68,True,False
1a7572c0d83a,codepen,vanilla,tailwind,carousel,35,1681,1790,3471,1280,1432,5510,2349,7318,3202,85,23,0,pixel,,1.0,51,True,False
62aab023b507,daisyui,react,vanilla,dropdown,5,206,900,1106,1280,720,758,0,0,724,0,0,0,pixel,,1.0,12,True,False
63c84ef4dee2,nextui,react,tailwind,button,94,19104,1189,20293,1280,951,59738,0,6732,59711,0,0,0,pixel,,1.0,141,True,False
787a6cf6cd0e,github,react,tailwind,card,250,10405,2048,12453,1280,4403,27158,0,0,27703,0,0,3,pixel,,1.0,307,True,False
10cf59eee1d2,codepen,angular,tailwind,sidebar,164,4080,2048,6128,1280,5896,12199,2485,3579,9672,96,38,0,pixel,,1.0,274,True,False
f1c883a86bb7,github,react,tailwind,page,164,13450,2048,15498,1280,3984,42195,28490,506174,12312,753,247,1,pixel,,1.0,220,True,False
455e98ccc62d,github,vanilla,vanilla,navbar,90,1914,1891,3805,1280,1513,6246,0,0,6011,0,0,22,pixel,,1.0,150,True,False
3ebe97b67a96,codepen,vanilla,vanilla,page,42,1587,925,2512,1280,740,4705,1868,2734,2147,61,21,0,pixel,,1.0,50,True,False
6201662cc99e,codepen,vanilla,vanilla,component,8,615,900,1515,1280,720,1641,1382,1620,217,58,11,0,pixel,,1.0,12,True,False
6959b74e165d,github,angular,vanilla,button,81,2524,2048,4572,1280,1839,8218,3664,6623,5418,79,37,7,pixel,,1.0,121,True,False
f66476c90a6b,codepen,vanilla,vanilla,component,32,1064,1690,2754,1280,1352,4266,309,408,3915,9,3,0,pixel,,1.0,52,True,False
319b326e0740,github,vanilla,tailwind,button,444,9661,2048,11709,1280,11473,34320,0,0,33162,0,0,1,pixel,,1.0,584,True,False
87e2cad76885,github,vue,vanilla,button,159,6419,2048,8467,1280,2484,19525,4592,13302,16342,109,71,15,pixel,,1.0,190,True,False
7ef6c9307942,codepen,vanilla,vanilla,table,20,335,900,1235,1280,720,987,287,352,658,14,5,0,pixel,,1.0,36,True,False
a72440ab10d7,github,angular,tailwind,button,210,4488,2048,6536,1280,2685,17456,0,0,17431,0,0,1,pixel,,1.0,254,True,False
eb1ab8b120cf,codepen,vanilla,vanilla,page,49,1553,900,2453,1280,720,4479,2253,4541,2199,41,21,0,pixel,,1.0,86,True,False
6bbbc8d02471,lapaninja,angular,vanilla,button,127,6370,2048,8418,1280,3889,18740,7318,9890,11554,226,60,8,pixel,,1.0,184,True,False
6b1567235e29,codepen,react,vanilla,button,26,880,900,1780,1280,720,3267,816,1136,2409,37,8,0,pixel,,1.0,39,True,False
850c1c3c2213,github,react,material,page,517,131492,2048,133540,1280,12524,394962,353750,392116,39341,1669,2601,60,pixel,,1.0,606,True,False
7a8576acf202,github,angular,material,button,213,5188,2048,7236,1280,5155,18709,0,0,18996,0,0,11,pixel,,1.0,315,True,False
8edeaa57606c,github,vanilla,vanilla,navbar,248,12820,2048,14868,1280,44283,33172,0,0,28576,0,0,4,pixel,,1.0,252,True,False
c6367dd82bb7,github,vanilla,tailwind,button,307,14074,2048,16122,1280,8697,33040,0,0,33822,0,0,11,pixel,,1.0,355,True,False
0b90a42197cc,codepen,vanilla,tailwind,modal,37,1361,926,2287,1288,736,4461,1284,2197,3198,59,12,1,pixel,,1.0,58,True,False
4d91e06acc3a,github,angular,vanilla,button,315,6113,2048,8161,1312,8282,23955,22,148,24572,1,1,6,pixel,,1.0,382,True,False
06e6a8c164bb,github,angular,vanilla,form,340,8224,2048,10272,1280,11262,25140,0,0,26887,0,0,5,pixel,,1.0,508,True,False
8a2dc8b887b2,w3schools,vanilla,vanilla,navbar,42,1081,1654,2735,1280,1323,3343,1262,2731,2068,62,24,0,pixel,,1.0,69,True,False
36d8c7d1aa56,github,react,tailwind,button,203,4992,2048,7040,1280,4294,16552,0,0,16620,0,0,7,pixel,,1.0,249,True,False
473fdccc6568,github,react,tailwind,button,366,5427,2048,7475,1280,3989,18651,0,0,18731,0,0,0,pixel,,1.0,506,True,False
047a51beef3c,github,vanilla,vanilla,button,178,2998,2048,5046,1280,3898,10685,0,0,10169,0,0,4,pixel,,1.0,220,True,False
5ce05071bda7,codepen,vanilla,vanilla,component,26,2371,900,3271,1280,720,6453,4579,5477,1832,126,28,0,pixel,,1.0,32,True,False
65b681be64b2,codepen,vanilla,vanilla,button,26,826,1011,1837,1280,809,2539,330,757,2088,17,8,2,pixel,,1.0,45,True,False
23f8140b8ddf,wordpress-gutenberg,vanilla,antd,button,40,2209,1145,3354,1280,916,7382,2642,187699,4698,78,20,0,pixel,,1.0,64,True,False
391b805faf28,github,vanilla,vanilla,button,6,403,900,1303,1280,720,1295,452,744,884,17,4,1,pixel,,1.0,17,True,False
37fea4a3952d,codepen,vanilla,vanilla,card,12,3341,2048,5389,1280,1702,14115,74,91,13999,3,2,0,pixel,,1.0,23,True,False
459d147b8886,github,react,tailwind,form,111,2064,2048,4112,1280,4196,6722,0,0,5843,0,0,0,pixel,,1.0,135,True,False
42bfddbd26b3,codepen,vanilla,vanilla,page,61,5874,2048,7922,1280,10010,9621,390,479,9189,22,7,0,metric,0.9999999403953481,1.0,92,True,False
213ef9e5008d,codepen,vanilla,vanilla,page,14,326,2048,2374,1280,4037,1062,209,272,807,9,7,1,pixel,,1.0,25,True,False
e531b9b20c2d,codepen,vue,vanilla,form,12,306,900,1206,1280,720,887,394,476,451,18,6,0,pixel,,1.0,17,True,False
cd7345cc5d45,github,angular,bootstrap,navbar,145,5403,1879,7282,1280,1503,17196,7433,156732,9895,220,86,11,pixel,,1.0,233,True,False
133a5cc52707,codepen,vanilla,bootstrap,page,54,1554,1116,2670,1280,893,4931,1793,4308,3034,76,34,1,pixel,,1.0,78,True,False
1205175ef87e,github,angular,vanilla,button,254,7152,2048,9200,1280,13425,19150,0,0,18301,0,0,7,metric,0.9999999523162796,1.0,324,True,False
12805a251cfc,codepen,vanilla,vanilla,button,6,685,900,1585,1280,720,1752,1133,2961,673,48,8,0,pixel,,1.0,13,True,False
3f7f42026d94,lapaninja,react,tailwind,card,1390,34678,2048,36726,1280,14211,122088,0,0,132799,0,0,7,pixel,,1.0,1860,True,False
2673f3f19409,github,vanilla,vanilla,button,91,1973,2048,4021,1280,4042,6255,0,0,4790,0,0,0,pixel,,1.0,119,True,False
f71b63e58de6,codepen,vanilla,vanilla,list,14,376,900,1276,1280,720,1001,341,508,647,15,4,0,pixel,,1.0,31,True,False
530aa0dfae87,codepen,vanilla,vanilla,form,21,1189,900,2089,1280,720,3365,1629,2124,1694,66,11,0,pixel,,1.0,43,True,False
50f41f59c3fd,mui,react,vanilla,tooltip,31,1461,900,2361,1280,720,5849,0,0,5822,0,0,0,pixel,,1.0,52,True,False
c05e0693bf88,codepen,angular,vanilla,navbar,180,8617,2048,10665,1280,5146,21985,8398,14133,14365,265,52,0,pixel,,1.0,266,True,False
0299df143f72,codepen,vanilla,vanilla,modal,95,10797,2048,12845,1280,7520,22683,1069,12251,21553,25,15,2,pixel,,1.0,206,True,False
2c3f959dcd66,codepen,vanilla,vanilla,component,7,569,900,1469,1280,720,1448,1100,1468,306,38,9,0,pixel,,0.9979053861996188,11,True,False
f46e236957a3,grafana-ui,vanilla,bootstrap,button,132,9385,900,10285,1280,720,28716,267,101421,28420,13,4,0,pixel,,1.0,212,True,False
1b1c9762a4f3,github,vanilla,tailwind,component,14,600,900,1500,1280,720,1815,921,1501,881,46,14,1,pixel,,1.0,24,True,False
d903a82fdc6a,codepen,vanilla,vanilla,table,18,395,900,1295,1280,720,1290,171,401,1090,7,2,2,pixel,,1.0,29,True,False
3ad25ab46d17,codepen,vanilla,vanilla,page,60,5103,900,6003,1280,720,11193,9230,11610,1921,346,64,0,pixel,,1.0,70,True,False
139b7e8df5c5,github,vanilla,tailwind,button,730,11736,2048,13784,1280,5606,49240,0,0,49248,0,0,0,pixel,,1.0,1005,True,False
4b287dee822f,github,react,material,button,205,3463,2048,5511,1280,5542,11464,0,0,10759,0,0,3,pixel,,1.0,272,True,False
db350162267b,github,react,vanilla,button,139,3024,2048,5072,1280,3778,9529,0,0,10229,0,0,7,pixel,,1.0,170,True,False
a1a6e4baa1a7,codepen,vanilla,vanilla,page,27,1230,900,2130,1280,720,3986,2146,2656,1798,69,31,3,pixel,,1.0,41,True,False
3c5d4051d054,github,angular,vanilla,alert,41,1503,921,2424,1310,720,4708,1589,2603,3106,64,11,0,pixel,,1.0,85,True,False
ca2d0bda7709,codepen,vanilla,vanilla,navbar,35,1538,1055,2593,1500,720,4731,1896,3122,3145,43,15,0,pixel,,1.0,57,True,False
9b3d96b87efa,grommet,angular,vanilla,page,69,1944,980,2924,1280,784,5529,26,9351,5461,2,1,0,pixel,,1.0,71,True,False
57625114bbaf,github,vanilla,material,form,13,328,900,1228,1280,720,961,343,675,605,14,2,0,pixel,,1.0,22,True,False
6141e90431f9,github,angular,tailwind,button,166,3452,2048,5500,1280,3499,11969,0,0,11685,0,0,2,pixel,,1.0,181,True,False
082ff3ece368,github,angular,vanilla,button,42,1088,1071,2159,1280,857,3452,1015,2254,2267,32,19,6,pixel,,1.0,71,True,False
484e01189424,github,angular,tailwind,button,225,4683,2048,6731,1280,7343,16706,120,0,13293,5,2,3,pixel,,0.9997624619040498,290,True,False
8a9f192f5d25,codepen,angular,tailwind,card,536,10875,2048,12923,1280,2473,42569,3623,7054,40937,133,36,27,pixel,,1.0,698,True,False
350a927e1d12,codepen,vanilla,vanilla,form,5,170,900,1070,1280,720,503,278,416,183,11,2,0,pixel,,1.0,10,True,False
da9e3c06ce51,codepen,angular,bootstrap,form,27,865,1011,1876,1280,809,2767,1085,1405,1653,58,13,1,pixel,,1.0,36,True,False
082341aa5b9d,codepen,vanilla,vanilla,form,15,646,900,1546,1280,720,1840,1129,1660,669,42,11,1,pixel,,1.0,28,True,False
ed03671d6dd2,w3schools,vanilla,vanilla,page,13,292,900,1192,1280,720,895,432,507,450,20,4,0,pixel,,1.0,21,True,False
31a6e4435814,lapaninja,react,tailwind,button,1262,52862,2048,54910,1280,3603,143783,0,0,161224,0,0,10,pixel,,1.0,1397,True,False
a6a637e8072e,codepen,vanilla,vanilla,navbar,30,833,900,1733,1280,720,2450,1457,1717,951,35,12,0,pixel,,1.0,47,True,False
e66d10027f4b,github,vanilla,tailwind,button,345,9352,2048,11400,1280,4332,26419,0,0,27089,0,0,8,pixel,,1.0,483,True,False
a2a460b469fa,github,angular,vanilla,button,32,1034,1158,2192,1280,926,3172,1800,3645,1730,86,15,2,pixel,,1.0,36,True,False
4fec3f6d7ee7,github,vanilla,vanilla,table,49,993,1600,2593,1280,1280,3493,0,0,3267,0,0,1,metric,1.0000000953674135,1.0,64,True,False
0502a7128c01,codepen,vanilla,vanilla,navbar,10,389,900,1289,1280,720,1325,614,706,669,13,2,0,pixel,,1.0,22,True,False
c52636fb6e56,github,angular,vanilla,form,202,6073,2048,8121,1280,9932,18995,0,0,15443,0,0,20,pixel,,1.0,374,True,False
06a1aed7bd58,github,react,tailwind,button,621,16809,2048,18857,1280,39325,50927,0,0,33217,0,0,1,pixel,,1.0,810,True,False
a7d1ef470d1d,codepen,vanilla,tailwind,component,16,518,2048,2566,1280,1756,1559,513,698,1172,25,7,0,pixel,,1.0,23,True,False
1aaa7b192df9,codepen,vanilla,vanilla,form,10,272,900,1172,1280,720,829,270,313,517,13,2,0,pixel,,1.0,16,True,False
ea587c11de5e,sap-fundamental-styles,vanilla,vanilla,button,108,3237,2048,5285,1280,2073,11680,17,172858,11309,0,0,0,pixel,,1.0,121,True,False
583c71f2f6e2,github,vanilla,vanilla,button,74,1617,1102,2719,1280,882,6081,0,0,6562,0,0,4,pixel,,1.0,127,True,False
a93f1b0edc65,orbit-kiwi,angular,tailwind,button,205,8309,1020,9329,1280,816,25324,5250,468073,20045,137,81,0,metric,0.997606493845035,0.9713288000997674,306,True,False
f833f1a52ddc,codepen,vanilla,vanilla,button,16,497,1256,1753,1280,1005,1816,272,325,1502,12,4,0,pixel,,1.0,33,True,False
f8252e984993,github,vanilla,tailwind,form,286,5948,2048,7996,1280,3945,27364,0,0,27367,0,0,0,pixel,,1.0,389,True,False
9bc25b7f3cb7,codepen,vanilla,vanilla,component,11,921,900,1821,1280,720,2677,1987,3709,648,48,14,0,pixel,,1.0,19,True,False
db3ad244d787,lapaninja,angular,tailwind,button,893,25747,2048,27795,1320,33194,87201,1043,6144,91447,34,19,7,pixel,,1.0,1009,True,False
d315c10956b0,github,vanilla,vanilla,button,268,5396,2048,7444,1280,2284,15087,0,0,16477,0,0,13,pixel,,1.0,377,True,False
5144d9a14170,codepen,vanilla,vanilla,navbar,11,366,900,1266,1280,720,1151,645,997,477,29,7,0,pixel,,1.0,19,True,False
a94dfacff7d2,codepen,angular,vanilla,list,60,1583,900,2483,1280,720,5230,2314,3127,2874,87,34,0,pixel,,1.0,95,True,False
de2950611a3b,codepen,vanilla,vanilla,component,29,990,2048,3038,1280,2912,3112,658,774,2412,13,7,0,pixel,,1.0,54,True,False
d5aeb742d0fd,github,vanilla,vanilla,list,47,1245,1179,2424,1294,933,3659,864,1282,2770,42,10,2,pixel,,1.0,76,True,False
5d8fbe45679d,github,vanilla,vanilla,badge,30,530,1561,2091,1280,1249,1601,0,0,1070,0,0,0,pixel,,1.0,38,True,False
e823ff99ec34,github,angular,tailwind,button,463,8522,2048,10570,1280,7066,30229,0,51,30097,0,0,11,pixel,,1.0,557,True,False
b966800ee373,github,vanilla,tailwind,button,201,5348,2048,7396,1280,8604,17525,0,0,15151,0,0,6,pixel,,1.0,239,True,False
58845ef3e90e,github,angular,vanilla,navbar,191,3809,1762,5571,1280,1410,13340,0,0,13628,0,0,3,pixel,,1.0,301,True,False
12ea0a282428,github,vanilla,vanilla,page,8,89,900,989,1280,720,295,0,0,428,0,0,1,pixel,,1.0,8,True,False
3648aca18966,github,angular,tailwind,button,505,9094,2048,11142,1280,13304,32214,0,0,29932,0,0,3,pixel,,1.0,711,True,False
5ab3085fa790,github,react,vanilla,page,87,2744,900,3644,1280,720,8303,3059,22823,5441,76,37,0,pixel,,1.0,131,True,False
14b5ec4a0ae5,codepen,vanilla,vanilla,component,48,3151,1691,4842,1280,1353,4775,0,1179,4748,0,0,0,pixel,,1.0,51,True,False
9af46f77eb6d,github,vanilla,tailwind,button,91,1352,1135,2487,1280,908,5158,0,0,5304,0,0,1,pixel,,1.0,92,True,False
4dedf61da2c8,github,vanilla,vanilla,page,143,6517,2048,8565,1280,3908,15458,4121,5214,11569,182,60,5,pixel,,1.0,194,True,False
52f4f8bcc3e4,codepen,angular,vanilla,list,11,360,900,1260,1280,720,1080,220,323,789,10,3,1,pixel,,1.0,23,True,False
dd1ed34f74f7,github,angular,tailwind,button,163,3604,2048,5652,1280,6763,11796,0,0,10029,0,0,3,pixel,,1.0,208,True,False
f707dcd6aec2,codepen,vanilla,vanilla,form,17,597,920,1517,1280,736,1579,831,1128,706,35,9,0,pixel,,1.0,30,True,False
d9f474028dd8,codepen,angular,tailwind,page,99,2057,2048,4105,1304,3057,6943,1454,1691,5447,48,19,0,pixel,,1.0,184,True,False
8e2366f97a7b,github,angular,tailwind,page,494,10916,2048,12964,1280,5573,33621,10388,20731,18961,406,98,0,pixel,,1.0,693,True,False
5ea5bd28b6ec,wordpress-gutenberg,vanilla,tailwind,button,88,5047,900,5947,1280,720,14822,1777,186087,13398,50,16,0,pixel,,1.0,121,True,False
04e3dde4fbfe,codepen,vanilla,vanilla,page,19,651,900,1551,1280,720,1640,486,773,1211,19,8,0,pixel,,1.0,31,True,False
98760032defd,codepen,react,vanilla,tooltip,75,2238,1860,4098,1280,1488,7252,707,941,6503,33,11,0,pixel,,1.0,131,True,False
ad33fe05fa3a,orbit-kiwi,angular,tailwind,button,169,7934,900,8834,1280,720,23679,6472,460913,17178,160,102,0,metric,0.9960305006759921,0.9883619621459695,249,True,False
a36021e80314,codepen,vanilla,vanilla,form,21,1175,900,2075,1280,720,3770,2326,4119,1352,101,25,0,pixel,,1.0,32,True,False
7b3987e53edf,github,angular,vanilla,page,33,1428,1680,3108,1280,1344,4343,1511,9032,2841,63,17,2,pixel,,1.0,74,True,False
3bd7c69fa8bf,codepen,vue,vanilla,form,17,694,960,1654,1280,768,2027,984,1251,1001,22,9,0,metric,0.9815081484195245,0.9937910172206904,30,True,False
b531fbbed1a3,github,vanilla,vanilla,navbar,50,848,919,1767,1280,735,2752,0,0,2786,0,0,6,pixel,,1.0,88,True,False
86bad91a27e9,github,vanilla,tailwind,button,411,7940,2048,9988,1280,6933,30949,0,0,31163,0,0,3,pixel,,1.0,550,True,False
144931a3a75b,codepen,vanilla,vanilla,footer,29,1523,1710,3233,1280,1368,3996,2328,3107,1387,83,15,3,pixel,,1.0,49,True,False
130e5f570f79,github,vanilla,vanilla,form,68,1481,900,2381,1280,720,4698,499,3151,4322,15,8,8,pixel,,1.0,112,True,False
b44a7fdee83a,github,angular,material,list,203,3131,1882,5013,1280,1506,9944,401,2892,9530,13,9,3,pixel,,1.0,312,True,False
9faa4ce077a0,codepen,vanilla,vanilla,component,11,638,900,1538,1280,720,1774,696,1362,1311,18,10,0,pixel,,1.0,15,True,False
dbe949483bc2,github,vanilla,antd,navbar,52,2609,1351,3960,1280,1081,8048,4794,17338,3296,144,41,3,pixel,,1.0,102,True,False
e373a21591cf,github,angular,tailwind,button,63,2268,2048,4316,1280,1659,6717,2869,4708,3872,107,32,2,pixel,,1.0,89,True,False
2dfaa19dc0df,github,vanilla,tailwind,button,146,5742,2048,7790,1280,8547,14714,0,0,18878,0,0,5,pixel,,1.0,144,True,False
1815ec36ab16,github,angular,tailwind,page,193,5566,2048,7614,1343,3875,17987,5246,8679,11851,200,74,0,pixel,,1.0,286,True,False
370460a18cee,github,angular,tailwind,button,154,3469,2048,5517,1280,3153,12443,101,157,14278,4,1,11,pixel,,1.0,167,True,False
b69e640fefe8,codepen,angular,vanilla,alert,5,323,982,1305,1280,786,927,151,217,478,8,2,0,pixel,,1.0,11,True,False
343a8ade4bb3,github,angular,vanilla,button,306,9418,2048,11466,1280,9278,23158,0,113,22902,0,0,14,pixel,,1.0,436,True,False
74eed734e319,codepen,angular,vanilla,dropdown,19,804,900,1704,1280,720,2446,1287,2664,1220,67,18,0,pixel,,1.0,34,True,False
465e057faa9d,codepen,vanilla,vanilla,component,5,959,900,1859,1280,720,3046,2727,3300,277,42,11,0,pixel,,1.0,9,True,False
5653037e4060,github,react,tailwind,page,289,10999,2048,13047,1280,3232,39575,21719,276559,17937,622,197,5,pixel,,1.0,404,True,False
b0b24ff53d10,codepen,vanilla,vanilla,component,18,1492,900,2392,1280,720,4070,3166,5165,862,74,17,0,pixel,,0.9997694631672114,30,True,False
aec8b541b36c,github,vanilla,tailwind,form,23,1021,928,1949,1306,728,3536,1703,4291,1883,51,19,0,metric,0.9999999642372106,1.0,37,True,False
70f8424fb4b5,codepen,vanilla,vanilla,component,9,1253,910,2163,1280,728,3394,3008,4335,344,127,21,0,pixel,,1.0,14,True,False
2c92b16a4941,github,angular,vanilla,button,358,5841,2048,7889,1280,8167,18586,0,0,16696,0,0,0,pixel,,1.0,489,True,False
de197e8548fa,github,angular,tailwind,button,158,2566,2048,4614,1280,2164,9992,0,0,9807,0,0,5,pixel,,1.0,171,True,False
6fa5869aa770,backstage,angular,vanilla,card,63,2557,906,3463,1288,720,9005,2969,35293,5994,105,39,0,pixel,,1.0,91,True,False
1a46497d7179,codepen,angular,vanilla,form,142,3970,2048,6018,1280,2802,12376,2519,5424,9680,110,40,0,pixel,,1.0,190,True,False
59308c620b05,codepen,vanilla,tailwind,button,32,692,900,1592,1280,720,2119,680,802,1464,25,9,0,pixel,,1.0,43,True,False
8af814846652,codepen,vanilla,vanilla,navbar,50,2173,1009,3182,1280,807,6851,1535,2266,5274,38,16,1,metric,0.9750590687829255,0.5760292687670168,82,True,False
e57894bfacfe,codepen,vanilla,vanilla,footer,30,1600,900,2500,1280,720,4550,3257,4055,1251,119,34,1,pixel,,0.9994111945125272,43,True,False
6b8477dad672,github,react,tailwind,button,276,5037,2048,7085,1280,9383,16822,0,0,14674,0,0,2,pixel,,1.0,342,True,False
3cb5dd666da8,github,vanilla,vanilla,page,76,1578,1110,2688,1280,888,5035,1378,2798,3672,60,20,1,pixel,,1.0,120,True,False
b4099b18f891,github,vanilla,vanilla,form,5,428,900,1328,1280,720,1064,667,1476,395,27,7,0,pixel,,1.0,15,True,False
3a1c3e9331f1,github,angular,tailwind,button,336,6415,2048,8463,1280,8401,23109,0,0,20536,0,0,3,pixel,,1.0,440,True,False
bb958c380925,github,angular,bootstrap,page,513,383564,2048,385612,1280,5422,996864,962401,1089113,33536,1865,255,13,pixel,,1.0,715,True,False
6fd27016802b,github,angular,tailwind,button,433,7264,2048,9312,1280,7901,27428,0,0,31278,0,0,7,pixel,,1.0,544,True,False
dbbe768001c2,github,react,tailwind,button,250,12982,2048,15030,1280,5164,24410,0,0,23608,0,0,3,pixel,,1.0,319,True,False
5393663657f2,github,vanilla,vanilla,form,4,3922,2048,5970,1280,1724,18107,0,0,18080,0,0,0,pixel,,1.0,6,True,False
51487041d035,codepen,angular,vanilla,carousel,105,2260,2048,4308,1280,4112,7278,0,2644,6406,0,0,4,pixel,,1.0,136,True,False
8225cf13843f,github,vanilla,tailwind,button,133,2482,2048,4530,1280,4648,7857,0,0,6362,0,0,3,pixel,,1.0,169,True,False
6a9060c0c82f,github,vanilla,vanilla,button,335,5932,2048,7980,1280,5941,23471,0,0,23647,0,0,7,pixel,,1.0,411,True,False
dfbb282bcf18,daisyui,vanilla,vanilla,list,34,1323,2048,3371,1280,6374,2542,0,0,2515,0,0,0,pixel,,1.0,41,True,False
017a3d897c11,github,vanilla,tailwind,button,424,7456,2048,9504,1280,9796,26087,0,0,24157,0,0,2,pixel,,1.0,536,True,False
fa02852fd119,codepen,react,material,form,16,11652,900,12552,1280,720,35052,147,214,34864,8,5,0,pixel,,1.0,26,True,False
6666f7dc6764,orbit-kiwi,angular,tailwind,button,101,5906,900,6806,1280,720,18393,5832,460913,12532,138,85,1,metric,0.994820461756684,0.987169309129902,160,True,False
5242e23800bd,codepen,vanilla,vanilla,component,6,1075,920,1995,1280,736,2380,1909,2943,387,13,4,0,pixel,,1.0,15,True,False
845642147f8e,codepen,vanilla,vanilla,form,10,595,900,1495,1280,720,1645,1065,2299,464,59,10,0,pixel,,1.0,15,True,False
ab5dc7a50022,codepen,vanilla,vanilla,header,20,912,900,1812,1280,720,2707,1630,2367,1035,65,24,0,pixel,,1.0,36,True,False
8f6c21c2afa4,grafana-ui,angular,bootstrap,form,62,3390,900,4290,1280,720,7965,328,98919,7608,14,5,0,pixel,,1.0,62,True,False
b5f41849a90a,codepen,angular,vanilla,form,42,2332,920,3252,1280,736,6192,2761,3371,3389,109,26,0,pixel,,1.0,51,True,False
51c7a7eb1cb4,codepen,vanilla,tailwind,component,18,1013,900,1913,1280,720,2628,1221,1655,1365,47,16,0,pixel,,1.0,24,True,False
41a879e12353,codepen,vanilla,tailwind,page,43,2418,1660,4078,1280,1328,6459,2967,3450,2944,94,27,0,pixel,,1.0,57,True,False
93c2003d5902,github,vanilla,vanilla,page,186,17296,2048,19344,1280,6862,41598,29897,101198,10609,149,54,2,pixel,,1.0,286,True,False
52215b7f4878,codepen,vanilla,tailwind,list,52,2648,1736,4384,1280,1389,6928,2870,4954,3661,113,30,0,pixel,,1.0,72,True,False
6697c24a53e4,github,svelte,tailwind,button,228,7067,2048,9115,1280,7269,24394,0,0,22678,0,0,0,pixel,,1.0,333,True,False
2b6100c8b03c,codepen,angular,vanilla,button,129,10008,900,10908,1280,720,15649,1332,1942,14275,62,14,0,pixel,,1.0,145,True,False
e69655013d06,codepen,vanilla,vanilla,navbar,34,1091,900,1991,1280,720,3310,1541,2283,1471,31,11,0,pixel,,1.0,53,True,False
da3d349b3a76,monday-vibe,angular,vanilla,button,101,4945,900,5845,1280,720,13373,93,12194,13238,3,2,0,pixel,,1.0,123,True,False
a462282c1d9c,codepen,vanilla,tailwind,component,31,1078,900,1978,1280,720,2325,664,977,1619,40,18,0,pixel,,1.0,65,True,False
fdaec000cfae,storybook-design-system,vanilla,vanilla,button,931,71512,2048,73560,1280,2028,106675,1447,9588,105186,57,10,0,pixel,,1.0,1145,True,False
2e31bf19ec60,github,angular,tailwind,button,229,4438,2048,6486,1280,6554,14595,0,0,13933,0,0,1,pixel,,1.0,261,True,False
ed6fe08c7b5b,codepen,vanilla,vanilla,tooltip,145,3886,2048,5934,1280,3141,11862,3947,9822,7873,80,28,0,pixel,,1.0,204,True,False
74c8dd92c347,codepen,vanilla,vanilla,list,25,956,900,1856,1280,720,3158,1565,2082,1679,71,21,1,pixel,,1.0,40,True,False
a8ffda04f76c,github,react,vanilla,button,431,11275,2048,13323,1280,11184,33288,0,0,32685,0,0,4,pixel,,1.0,587,True,False
58ff283b84a6,contentful-forma-36,vanilla,vanilla,button,8,379,900,1279,1280,720,1177,0,13046,1150,0,0,0,pixel,,1.0,11,True,False
bee7e5a280fd,github,angular,tailwind,page,613,15394,2048,17442,1295,3008,52759,12575,256617,35983,404,158,0,pixel,,1.0,848,True,False
430b017a32a3,github,react,tailwind,form,136,2945,1424,4369,1280,1139,9844,2475,4009,7734,106,36,6,pixel,,1.0,199,True,False
a1455e85d032,codepen,vanilla,vanilla,form,62,6595,900,7495,1280,720,11942,4362,6450,7538,159,29,1,pixel,,1.0,72,True,False
5552a9df5fcc,sap-fundamental-styles,vanilla,vanilla,page,10,1514,900,2414,1280,720,5250,17,172858,5191,0,0,0,pixel,,1.0,18,True,False
c5f0ded1c2fe,github,react,vanilla,button,252,7074,2048,9122,1280,9491,25141,372,636,24232,16,2,13,pixel,,1.0,417,True,False
a65aeb6ab2c8,codepen,vanilla,tailwind,header,36,2698,1080,3778,1280,864,6369,3463,5262,2882,130,31,0,pixel,,1.0,48,True,False
55f1d78380a1,codepen,vanilla,tailwind,page,61,1444,2048,3492,1280,1759,4671,927,1192,3571,31,10,0,pixel,,1.0,94,True,False
9d15a73f7e5d,github,vanilla,tailwind,page,580,15653,2048,17701,1280,3870,46578,18455,273872,25432,639,222,1,pixel,,1.0,758,True,False
5f167c1bc4b1,github,angular,vanilla,page,137,3923,2048,5971,1280,2648,10081,3499,5538,6866,80,25,17,pixel,,1.0,218,True,False
a014decdaf17,github,react,tailwind,page,414,12191,2048,14239,1280,5843,38535,17421,75458,20697,620,183,13,pixel,,1.0,577,True,False
a940a24b9920,codepen,vanilla,vanilla,component,11,527,900,1427,1280,720,1609,983,3947,824,46,9,0,pixel,,1.0,20,True,False
5fa58a463d33,codepen,vue,vanilla,component,21,1367,1401,2768,1280,1121,3342,583,772,2669,31,7,0,pixel,,1.0,25,True,False
0e7b70628105,github,vanilla,vanilla,navbar,42,419,900,1319,1280,720,1481,0,0,1537,0,0,0,pixel,,1.0,48,True,False
9b62816968f2,codepen,vanilla,tailwind,list,32,807,2048,2855,1280,1698,2593,548,878,1929,30,8,0,pixel,,1.0,48,True,False
fa57cd1dd79a,codepen,vanilla,vanilla,form,20,3339,900,4239,1280,720,7123,6147,6795,934,103,20,0,pixel,,1.0,31,True,False
4eed49997bd5,codepen,vanilla,vanilla,table,20,438,900,1338,1280,720,1240,512,1221,699,21,7,0,pixel,,1.0,36,True,False
de9bb6821bb2,codepen,vanilla,vanilla,button,14,1076,900,1976,1280,720,2823,1992,2593,789,71,17,0,pixel,,1.0,21,True,False
4ac1d9abce0f,github,angular,vanilla,navbar,94,2781,1911,4692,1280,1529,9079,2883,5158,5025,117,35,2,pixel,,1.0,150,True,False
fbe02e5a53a7,jetbrains-ring-ui,angular,antd,navbar,66,3862,900,4762,1280,720,13447,5979,94402,7426,146,35,1,pixel,,1.0,104,True,False
99a31ed86d0c,github,vanilla,vanilla,card,185,4070,2048,6118,1280,3481,12162,83,248,12095,4,2,5,pixel,,1.0,319,True,False
f6cac8d445ac,codepen,angular,vanilla,form,28,2207,956,3163,1360,720,5749,4537,6294,1170,87,31,0,metric,0.9541580128408069,0.9116212874855825,37,True,False
eb9e064fd0a2,github,react,vanilla,card,296,5851,2048,7899,1280,11267,19700,0,0,17483,0,0,10,pixel,,1.0,409,True,False
9be89e014e37,w3schools,vanilla,vanilla,page,8,262,900,1162,1280,720,869,214,255,642,8,4,0,pixel,,1.0,10,True,False
85f31fe439ab,codepen,vanilla,vanilla,tabs,8,352,900,1252,1280,720,1113,476,582,595,26,6,0,pixel,,1.0,18,True,False
0a0b834a142b,lapaninja,angular,tailwind,button,1222,48779,2048,50827,1345,27216,142184,2920,8677,154176,92,28,16,pixel,0.5774824211708245,1.0,1348,True,False
feb03c79d58f,lapaninja,angular,antd,button,313,19163,900,20063,1280,720,56547,33888,57800,25939,1126,175,2,pixel,,1.0,153,True,False
d621961d1630,github,angular,tailwind,button,192,8394,2048,10442,1280,7135,28728,59,59,28985,1,1,6,pixel,,1.0,235,True,False
b0b139fd0672,github,vanilla,bootstrap,button,157,2868,2048,4916,1280,4917,9597,0,0,8548,0,0,0,pixel,,1.0,193,True,False
0773acf2485e,codepen,angular,vanilla,form,200,7707,900,8607,1280,720,21460,5746,7361,16164,158,42,0,pixel,,1.0,254,True,False
b10f8a1b9a1f,github,vanilla,tailwind,button,277,5661,2048,7709,1280,5932,21179,0,0,21452,0,0,0,pixel,,1.0,357,True,False
6f8556fd1fb8,github,vanilla,tailwind,button,386,8192,2048,10240,1280,10773,28828,0,0,26835,0,0,1,pixel,,1.0,495,True,False
6c590fc778ad,sap-fundamental-styles,vanilla,vanilla,navbar,28,508,1586,2094,1280,1269,1733,0,93980,1706,0,0,0,pixel,,1.0,30,True,False
7977538ecb4e,codepen,vanilla,tailwind,component,32,4768,900,5668,1280,720,11270,7256,9062,3972,149,33,1,pixel,,0.9997659469748548,41,True,False
0d9d7c929acb,github,angular,tailwind,button,492,10310,2048,12358,1280,12126,32591,0,925,29139,0,0,0,pixel,,1.0,538,True,False
1e5e55af491c,lapaninja,react,tailwind,button,1065,49253,2048,51301,1280,58217,135677,0,0,208188,0,0,2,pixel,,1.0,1256,True,False
a074a28b3810,github,react,tailwind,button,495,8006,2048,10054,1280,9244,28856,0,0,27585,0,0,9,pixel,,1.0,671,True,False
edfb468e433c,codepen,vanilla,tailwind,table,251,3766,2048,5814,1280,2544,12808,0,0,12794,0,0,0,pixel,,1.0,415,True,False
9bd5d2b5a83d,github,angular,vanilla,page,211,13944,2048,15992,1280,3769,43095,25432,160670,18339,434,203,3,pixel,,1.0,296,True,False
10c1930820a1,github,angular,tailwind,button,449,8605,2048,10653,1280,8036,31256,0,0,30093,0,0,4,pixel,,1.0,554,True,False
39de25f726da,github,vanilla,material,card,80,2978,2048,5026,1280,5401,9726,2329,87089,7593,87,37,1,pixel,,1.0,124,True,False
b1219603f768,codepen,vanilla,vanilla,form,33,1104,904,2008,1280,723,3548,1395,4710,2111,58,19,0,pixel,,1.0,52,True,False
f0e6de5cd4e0,codepen,vanilla,vanilla,button,6,587,910,1497,1280,728,1520,1110,1973,368,30,10,0,pixel,,1.0,13,True,False
96f90da5c1fc,github,angular,tailwind,card,192,8598,2048,10646,1280,4737,20979,3626,5823,17343,118,38,8,pixel,,1.0,236,True,False
e3f1ea4e6f2b,codepen,vanilla,vanilla,component,10,1075,945,2020,1280,756,2396,1660,4180,694,63,32,1,pixel,,1.0,23,True,False
e9fe094f8cdd,github,react,tailwind,page,145,3791,2048,5839,1280,3082,12901,4262,5910,8670,169,48,11,pixel,,1.0,237,True,False
183e15b20ec6,github,angular,tailwind,button,289,4972,2048,7020,1280,5101,16740,0,0,16192,0,0,0,pixel,,1.0,354,True,False
1db797ef680a,codepen,vanilla,vanilla,page,13,1786,900,2686,1280,720,5030,4501,6038,487,105,24,0,pixel,,1.0,22,True,False
c8d4222c6ae8,mistica-web,vanilla,vanilla,page,42,1830,1320,3150,1280,1056,4425,210,72236,4173,4,6,0,pixel,,1.0,42,True,False
2420b4427443,github,vue,vanilla,button,58,347,900,1247,1280,720,1048,295,6636,909,14,3,0,pixel,,1.0,16,True,False
b615ac65f30e,github,vanilla,tailwind,card,116,2027,2048,4075,1280,2365,6574,0,54,6113,0,0,7,pixel,,1.0,118,True,False
dd0aa4bac879,codepen,vanilla,vanilla,component,44,4910,900,5810,1280,720,11361,8911,10635,2821,279,88,0,pixel,,1.0,55,True,False
d53eddd2817b,github,vanilla,tailwind,button,173,3222,2048,5270,1280,5460,10761,0,0,8987,0,0,0,pixel,,1.0,225,True,False
42933ff64e05,codepen,vanilla,vanilla,form,27,1501,1025,2526,1280,820,4449,1608,2114,2799,57,12,1,pixel,,1.0,52,True,False
19af05a4f6e9,github,angular,vanilla,table,181,4111,2048,6159,1296,2635,13745,1290,11883,11580,60,16,5,pixel,,1.0,324,True,False
f1b8d8cec6d1,github,angular,tailwind,page,160,9637,2048,11685,1280,5165,28726,12590,26562,15827,417,256,3,metric,0.9554574895741174,0.6805352432236205,226,True,False
bf58db4ce184,codepen,vanilla,vanilla,component,18,800,1340,2140,1280,1072,2654,652,1071,1860,21,6,0,pixel,,1.0,30,True,False
aad0bd0c1a5a,github,vanilla,tailwind,button,187,4238,2048,6286,1280,5573,13251,0,0,11778,0,0,6,pixel,,1.0,229,True,False
22a967815e86,codepen,vanilla,vanilla,button,9,207,900,1107,1280,720,592,221,492,329,10,4,0,pixel,,1.0,18,True,False
a461fe2a7e76,codepen,vanilla,vanilla,component,13,372,900,1272,1280,720,1101,253,929,806,13,4,0,pixel,,1.0,21,True,False
5f36fdfde212,codepen,vanilla,vanilla,component,43,940,940,1880,1280,752,2859,899,1205,1918,31,10,0,pixel,,1.0,68,True,False
062237f74ac2,orbit-kiwi,angular,tailwind,button,373,16455,1925,18380,1280,1540,39925,4198,460913,35698,111,68,0,metric,0.9950010110467653,0.9712276416297024,565,True,False
94a2bf7d930e,github,angular,tailwind,page,247,11872,2048,13920,1280,2170,27239,7779,47986,19072,307,119,4,pixel,,1.0,304,True,False
335b00998a66,github,react,tailwind,page,145,3888,2048,5936,1280,3100,12445,4549,7532,6980,173,52,8,pixel,,1.0,204,True,False
5b0a9cc41d55,codepen,angular,tailwind,page,86,3440,1826,5266,1280,1461,10897,4736,7782,5987,194,47,1,pixel,,1.0,124,True,False
c8266136ac03,orbit-kiwi,angular,tailwind,button,105,4778,900,5678,1280,720,14612,3816,460913,10767,98,59,0,metric,0.9970317830216016,0.9909391155478395,172,True,False
1eee71f4991a,codepen,vanilla,vanilla,page,25,765,900,1665,1280,720,2300,519,681,1374,25,12,1,pixel,,1.0,40,True,False
64136c02ba17,codepen,angular,vanilla,page,187,2919,1154,4073,1280,923,10235,2218,2894,7975,91,25,0,pixel,,1.0,229,True,False
19d6d37c654f,github,vanilla,vanilla,navbar,39,1336,1669,3005,1280,1335,5375,0,0,5401,0,0,0,pixel,,1.0,55,True,False
bf082ed26b60,codepen,vanilla,vanilla,component,47,1480,900,2380,1280,720,4210,1933,2843,2235,33,13,0,pixel,,0.9964046628199891,66,True,False
246348ee6743,codepen,angular,vanilla,component,17,957,2048,3005,1280,2520,3004,1433,2288,1514,61,13,1,pixel,,1.0,29,True,False
3282e4ccbceb,github,vanilla,tailwind,button,110,2091,2048,4139,1280,4204,6969,0,0,6411,0,0,5,pixel,,1.0,131,True,False
527b827d5790,codepen,vanilla,vanilla,list,7,274,920,1194,1280,736,807,566,738,199,22,6,0,pixel,,1.0,14,True,False
27d74749545f,orbit-kiwi,angular,tailwind,button,41,2588,900,3488,1280,720,7635,3911,460913,3695,97,56,0,metric,0.9887685856173398,0.9949897819081336,57,True,False
9975c11b4183,github,vanilla,vanilla,button,169,3977,2048,6025,1280,4668,12876,226,342,13277,10,2,6,pixel,,1.0,217,True,False
765a9966adb8,github,vanilla,tailwind,navbar,324,8517,2048,10565,1280,3297,28619,10070,141961,18614,262,111,7,pixel,,1.0,493,True,False
2f222e127dfd,github,vanilla,vanilla,page,36,1316,1356,2672,1280,1085,4191,1922,13746,2656,70,19,1,pixel,,1.0,73,True,False
297ddcbe7332,codepen,vanilla,vanilla,button,10,565,980,1545,1280,784,1545,1076,1404,427,41,8,1,pixel,,1.0,20,True,False
b6400b62cf7d,mistica-web,vanilla,vanilla,form,116,5622,2048,7670,1280,2520,13009,452,72236,12515,12,6,0,pixel,,1.0,119,True,False
2c02251e1acc,github,vanilla,vanilla,button,89,1391,1336,2727,1280,1069,4922,0,0,5312,0,0,1,pixel,,1.0,112,True,False
0f3dcfc7d8bb,github,vanilla,vanilla,page,57,26500,2048,28548,5005,2708,74324,6592,28520,67673,222,54,7,pixel,,1.0,91,True,False
09653dc88dc9,github,angular,tailwind,button,213,4077,2048,6125,1280,5842,14004,0,0,12563,0,0,2,pixel,,1.0,244,True,False
bf7985a349a5,github,angular,tailwind,button,530,10823,2048,12871,1282,13621,37388,0,0,38082,0,0,6,pixel,,1.0,564,True,False
2725d037e87f,github,angular,vanilla,button,138,2706,2048,4754,1280,4627,8830,0,0,7525,0,0,5,pixel,,1.0,165,True,False
cbe7e24bbe6e,codepen,vanilla,vanilla,page,14,397,2048,2445,1280,2880,1224,528,630,654,21,12,0,pixel,,1.0,20,True,False
e0f772c95e08,github,vanilla,tailwind,alert,33,767,1331,2098,1280,1065,2614,747,1273,2053,35,8,0,pixel,,1.0,58,True,False
bb5ff5f92852,codepen,vanilla,vanilla,page,7,333,950,1283,1280,760,839,342,551,455,18,4,0,pixel,,1.0,9,True,False
cc67ce82351c,github,vanilla,tailwind,button,331,6236,2048,8284,1280,11563,20218,0,0,18789,0,0,13,pixel,,1.0,394,True,False
80833d745ebe,codepen,vanilla,vanilla,component,12,807,1081,1888,1280,865,1954,1123,1539,967,42,11,0,pixel,,1.0,16,True,False
a1aa57a31dc7,codepen,vanilla,vanilla,form,45,1514,900,2414,1280,720,4545,2241,4433,2262,104,30,0,pixel,,1.0,59,True,False
7c3c91b2581f,github,angular,tailwind,page,248,4461,2048,6509,1280,5997,14725,2509,5790,11697,96,38,0,pixel,,1.0,351,True,False
d106ec86e8eb,orbit-kiwi,angular,tailwind,button,148,7404,900,8304,1280,720,22582,6652,460913,15901,171,112,0,metric,0.9928350943475891,0.992663529184822,214,True,False
9f6dbf9ee8c7,github,vanilla,vanilla,button,203,3589,2048,5637,1280,4389,12796,0,0,11788,0,0,8,pixel,,1.0,276,True,False
eff9c33e060e,codepen,vanilla,vanilla,list,11,427,1152,1579,1280,922,1305,615,957,648,28,9,0,pixel,,1.0,25,True,False
7a5c94b93190,codepen,vanilla,vanilla,table,66,2018,1731,3749,1280,1385,6070,2851,3098,3177,114,28,0,pixel,,1.0,112,True,False
91c9e95e64d9,lapaninja,react,tailwind,button,1398,57223,2048,59271,2479,36137,166944,156,4822,171755,6,6,8,pixel,,1.0,1629,True,False
13de0b4bd747,codepen,vanilla,vanilla,form,16,1348,1935,3283,1280,1548,5355,707,1085,4606,25,5,0,pixel,,1.0,28,True,False
b7116f1301cf,codepen,vanilla,tailwind,form,18,1427,900,2327,1280,720,3946,3334,4086,570,70,24,0,pixel,,1.0,24,True,False
1c20b9abcf8f,codepen,vanilla,vanilla,tooltip,19,720,900,1620,1280,720,1959,1223,2123,694,61,12,0,pixel,,1.0,33,True,False
eb5db5ea0293,github,vanilla,tailwind,navbar,143,4026,2048,6074,1280,7164,14937,0,0,14114,0,0,2,pixel,,1.0,206,True,False
876d314e2e8c,codepen,vanilla,vanilla,tooltip,20,1152,900,2052,1280,720,3633,1861,3079,1730,76,13,0,pixel,,1.0,32,True,False
2a02d78f9450,github,react,tailwind,button,208,6770,2048,8818,1280,6969,20089,0,132,21550,0,0,7,pixel,,1.0,263,True,False
78b45b851b68,codepen,angular,vanilla,component,7,571,900,1471,1280,720,1478,908,1110,528,30,9,2,pixel,,1.0,18,True,False
65409de50fde,codepen,vanilla,vanilla,component,46,1311,1035,2346,1312,808,3743,1539,3786,2162,23,9,0,pixel,,1.0,91,True,False
10fa56909f16,codepen,vanilla,vanilla,form,34,1022,900,1922,1280,720,2726,767,1102,1917,42,11,2,pixel,,1.0,64,True,False
6bd2504350b3,codepen,vanilla,vanilla,page,14,477,994,1471,1280,795,1520,235,315,1299,11,4,1,pixel,,1.0,28,True,False
c0db20cfb056,codepen,vanilla,vanilla,component,11,1184,1298,2482,1280,1038,3550,850,1115,2687,44,4,0,pixel,,1.0,20,True,False
a65b5283f239,codepen,vanilla,tailwind,button,16,624,900,1524,1280,720,1647,1068,1751,537,41,10,0,metric,0.999999976158141,1.0,22,True,False
d81fd6dad2dd,github,react,vanilla,page,119,6874,2048,8922,1280,1712,14863,3891,12047,13513,166,42,4,pixel,,1.0,170,True,False
68ce1a93eac7,github,angular,vanilla,button,67,4202,900,5102,1280,720,12452,8362,19523,4088,341,60,0,pixel,,1.0,84,True,False
8d65ee2649b8,w3schools,vanilla,vanilla,button,43,1759,2048,3807,1280,2907,5200,836,1360,1751,42,14,0,pixel,,1.0,47,True,False
5a84306d8315,github,angular,vanilla,button,69,2002,2048,4050,1280,2961,5244,0,0,4557,0,0,8,pixel,,1.0,91,True,False
e7ffe4e624f9,codepen,vanilla,tailwind,component,11,675,2048,2723,1280,1956,1939,342,439,2126,4,3,0,pixel,,1.0,15,True,False
cda2a9d97234,codepen,vanilla,vanilla,button,20,2788,900,3688,1280,720,7775,6737,8497,996,106,23,0,pixel,,1.0,30,True,False
0ab28cc0e72b,github,angular,tailwind,button,361,14405,2048,16453,1280,10061,47269,0,0,44280,0,0,3,pixel,,1.0,471,True,False
c9dc8324358e,codepen,vanilla,vanilla,list,6,222,900,1122,1280,720,643,309,384,292,14,2,0,pixel,,1.0,10,True,False
e5a7104792f7,github,vanilla,vanilla,page,113,3615,2048,5663,1280,1707,11239,5052,8996,5742,207,57,0,pixel,,1.0,174,True,False
036807665fa1,orbit-kiwi,angular,tailwind,button,223,10301,1092,11393,1280,874,30909,6597,460913,24465,160,97,0,metric,0.9818058985146197,0.8304734671090023,357,True,False
bf572135d2a1,workday-canvas,vanilla,vanilla,button,1345,83409,1040,84449,1280,832,182014,51,58836,181921,2,1,0,pixel,,1.0,1572,True,False
c9745e7af823,lapaninja,svelte,vanilla,button,226,6836,2048,8884,1280,9035,22681,0,0,31616,0,0,3,pixel,,1.0,208,True,False
56233900737f,github,react,tailwind,page,155,4587,2048,6635,1280,4145,14991,4842,15496,8790,208,55,4,pixel,,1.0,240,True,False
0b001fdf5c51,codepen,vanilla,vanilla,pagination,48,2259,900,3159,1280,720,6429,3587,5741,2752,45,33,4,pixel,,0.9997102240491104,77,True,False
4ba2d993f189,codepen,vanilla,bootstrap,component,37,2441,900,3341,1280,720,6299,4658,16532,1599,147,29,0,pixel,,1.0,56,True,False
dff69e796c63,codepen,vanilla,vanilla,component,13,578,2048,2626,1280,1696,1650,972,1210,636,40,5,2,pixel,,1.0,27,True,False
570a8113fc86,siteinspire,angular,tailwind,button,617,17594,2048,19642,1280,5051,61930,0,630,62785,0,0,1,pixel,,1.0,809,True,False
f86452dab4fe,github,vanilla,tailwind,button,183,7150,2048,9198,1280,4802,16231,0,0,17366,0,0,0,metric,0.999999976158141,1.0,201,True,False
a584f0508720,github,vanilla,tailwind,button,221,6301,2048,8349,1280,4343,19023,0,0,18439,0,0,0,pixel,,1.0,275,True,False
bad8ab8ab867,github,react,vanilla,page,259,14548,2048,16596,1280,2640,27348,4782,5047,22732,214,84,10,pixel,,1.0,321,True,False
0b5201e56996,github,angular,material,button,362,6602,2048,8650,1280,4795,22889,0,0,23729,0,0,3,pixel,,1.0,418,True,False
030ab2fb5cf3,codepen,vanilla,vanilla,form,276,11838,920,12758,1280,736,33684,10302,19325,23713,270,72,0,pixel,,1.0,395,True,False
9f18e978d62d,codepen,vanilla,tailwind,page,12,615,900,1515,1280,720,1845,1231,3501,572,55,13,0,pixel,,1.0,24,True,False
5ab7330e2e96,codepen,vanilla,vanilla,page,22,554,1592,2146,1280,1274,2067,244,480,1737,12,3,0,pixel,,1.0,33,True,False
31fbd70a2100,github,angular,material,page,208,4193,2048,6241,1280,2366,15123,2189,4535,13166,103,32,12,pixel,,1.0,344,True,False
d1fcc0f59163,codepen,vanilla,vanilla,navbar,80,2480,900,3380,1280,720,6715,2904,3926,3769,63,19,1,pixel,,1.0,92,True,False
5a49bc3a6528,github,react,tailwind,card,217,6601,2048,8649,1280,9588,22865,0,9106,28371,0,0,4,pixel,,1.0,224,True,False
cdacf5c42c00,codepen,vanilla,vanilla,page,48,1106,1230,2336,1280,984,3333,482,666,2263,18,6,0,pixel,,1.0,62,True,False
27216043bf7f,codepen,vanilla,vanilla,list,59,1513,2048,3561,1280,2111,4826,1632,3031,3152,51,13,0,pixel,,1.0,99,True,False
f43504ce4fa7,github,angular,tailwind,button,590,11019,2048,13067,1280,9172,39271,0,0,41423,0,0,4,pixel,,1.0,694,True,False
99e861418182,storybook-design-system,vanilla,vanilla,button,50,5627,900,6527,1280,720,13111,7451,19876,5618,265,49,0,pixel,,1.0,59,True,False
0ba69d92ad28,github,angular,tailwind,button,336,11569,2048,13617,1280,15804,29811,0,0,28511,0,0,4,pixel,,1.0,456,True,False
24f67465e35d,github,angular,vanilla,button,132,11143,900,12043,1280,720,22326,9491,17569,14240,410,62,1,pixel,,1.0,115,True,False
4286c2f9657d,codepen,angular,vanilla,page,207,7743,2048,9791,1280,3857,24932,10507,19236,13066,401,103,1,pixel,,1.0,281,True,False
2ac2d1fedf6b,github,angular,vanilla,card,59,1590,900,2490,1280,720,4990,2268,2950,3349,85,29,4,pixel,,1.0,70,True,False
c936d6456ab9,codepen,vanilla,vanilla,page,40,1172,1756,2928,1280,1405,3775,653,1052,3255,31,11,1,pixel,,1.0,80,True,False
9f94925f2b87,github,angular,vanilla,form,52,1072,1888,2960,1280,1510,3785,827,2677,3108,37,13,2,pixel,,1.0,76,True,False
12a107e9e624,github,vue,vanilla,button,302,7620,2048,9668,1280,7203,24918,0,0,26228,0,0,3,pixel,,1.0,363,True,False
8d86bde8bf50,primer-react,react,antd,button,91,4609,900,5509,1280,720,13440,0,12757,13413,0,0,1,pixel,,1.0,115,True,False
59dc4a597b46,github,angular,bootstrap,button,21,527,914,1441,1300,720,1411,570,1019,828,19,4,1,pixel,,1.0,20,True,False
c41163020a12,github,vanilla,tailwind,button,744,11135,2048,13183,1280,16521,38471,0,0,35837,0,0,5,pixel,,1.0,932,True,False
35134849035b,github,vanilla,tailwind,button,520,9597,2048,11645,1280,8985,36307,0,0,35401,0,0,0,pixel,,1.0,645,True,False
78a00a5ad770,github,react,tailwind,page,54,7854,2048,9902,1280,1901,23380,19681,25983,3982,83,38,1,pixel,,1.0,99,True,False
8003ba8db60d,codepen,vanilla,vanilla,footer,11,348,900,1248,1280,720,1031,564,2011,425,29,7,1,pixel,,1.0,24,True,False
5c5b3d6e74be,codepen,angular,bootstrap,navbar,37,1261,1314,2575,1280,1051,3923,1707,2466,2015,48,18,0,metric,0.9873395301373402,0.730763659109477,58,True,False
6b8899c0624f,github,angular,material,button,250,6779,2048,8827,1280,2204,24650,0,0,24746,0,0,10,pixel,,1.0,425,True,False
f9c841fc2de5,codepen,vanilla,vanilla,component,16,1653,920,2573,1280,736,3384,1804,2089,1538,43,8,0,pixel,,1.0,20,True,False
0c6bf4cd8ea5,codepen,angular,vanilla,form,48,2844,900,3744,1280,720,7977,5235,6318,2593,205,39,0,pixel,,1.0,66,True,False
fc3468cc57eb,codepen,vanilla,vanilla,button,53,1366,1035,2401,1280,828,4293,1957,3006,2294,74,19,2,pixel,,1.0,76,True,False
2d22edc010ac,wordpress-gutenberg,angular,vanilla,button,53,2116,900,3016,1280,720,6561,663,32240,5869,5,5,0,pixel,,1.0,77,True,False
872d8c07ab1a,github,vanilla,tailwind,button,135,2932,2048,4980,1280,2336,10199,0,0,10053,0,0,5,pixel,,1.0,162,True,False
ab2000a57c6b,orbit-kiwi,angular,tailwind,button,64,3261,900,4161,1280,720,9786,3636,460913,6237,92,55,0,pixel,,0.9974918981481481,90,True,False
5aa2131401d7,codepen,vanilla,bootstrap,button,18,1298,900,2198,1280,720,3722,2583,4411,1180,99,17,1,pixel,,1.0,28,True,False
c3ef704c9f03,codepen,vanilla,vanilla,button,65,2602,1682,4284,1280,1346,8399,2617,3781,5769,111,20,2,pixel,,1.0,118,True,False
2b68e0a4c9b0,codepen,vanilla,tailwind,component,23,675,900,1575,1280,720,2049,930,1319,1077,45,13,0,pixel,,1.0,40,True,False
d0a9c9589799,github,angular,tailwind,button,351,8226,2048,10274,1280,3105,26012,445,618,25784,7,5,2,pixel,,1.0,471,True,False
fc888949eb89,codepen,vanilla,vanilla,component,9,416,1932,2348,1280,1546,1271,736,909,493,34,11,0,pixel,,1.0,16,True,False
c9d6c0b561a1,codepen,vanilla,vanilla,form,53,1253,900,2153,1280,720,4056,878,1631,3136,22,12,0,pixel,,1.0,74,True,False
385f83f5c095,github,angular,bootstrap,list,40,992,1710,2702,1280,1368,3331,1033,1670,2240,42,20,6,pixel,,1.0,53,True,False
19dbca4efe2c,codepen,vanilla,vanilla,page,159,2826,2048,4874,1280,2456,10279,1819,3117,8418,53,36,0,pixel,,1.0,282,True,False
233615a0ed50,github,react,tailwind,page,340,10916,2048,12964,1280,6543,38309,16136,38218,20221,519,195,12,pixel,,1.0,487,True,False
5dece8b4bc83,github,vanilla,tailwind,button,225,4071,2048,6119,1280,5445,14996,0,0,14925,0,0,0,pixel,,1.0,273,True,False
66e568f82b41,codepen,vanilla,vanilla,table,71,5724,900,6624,1280,720,15566,12584,16085,2940,468,95,2,pixel,,1.0,82,True,False
1f1289595d12,github,angular,vanilla,button,262,6239,2048,8287,1280,6791,23312,0,0,22328,0,0,2,pixel,,1.0,394,True,False
a87c4585f41a,codepen,vanilla,vanilla,tooltip,18,1154,2048,3202,1280,2508,3541,2206,3201,1293,45,15,2,pixel,,1.0,30,True,False
dba2da9d9649,codepen,vanilla,vanilla,form,25,925,1002,1927,1280,802,2980,1351,1815,1708,58,12,0,pixel,,1.0,38,True,False
e9d5f8f6982e,github,angular,tailwind,button,285,9954,2048,12002,2536,7873,31676,0,0,47934,0,0,0,pixel,,1.0,394,True,False
ca033888664d,codepen,vanilla,vanilla,page,74,2593,2048,4641,1280,2132,6738,3999,4594,2721,128,26,1,pixel,,1.0,130,True,False
02a2cc2feffc,github,angular,tailwind,page,277,14160,2048,16208,1280,4450,33551,6914,18555,23772,195,112,0,metric,0.9868330926560587,0.969715209388999,357,True,False
af6e2ef6cee7,codepen,vanilla,vanilla,component,14,1648,910,2558,1280,728,3066,1794,2828,1230,29,11,0,pixel,,1.0,18,True,False
0e577a330b27,codepen,vanilla,vanilla,navbar,29,1101,920,2021,1280,736,4035,1407,2570,2586,59,12,0,pixel,,1.0,48,True,False
e1b35b0840b6,codepen,angular,vanilla,carousel,28,1619,916,2535,1280,733,4594,2536,4535,2531,109,18,0,pixel,,1.0,37,True,False
1189ec5374b8,codepen,vanilla,vanilla,button,32,2592,2048,4640,1280,2545,7406,4862,6006,2443,65,36,0,pixel,,1.0,40,True,False
0e10c1a00060,github,react,tailwind,button,200,4992,2048,7040,1280,9503,14254,0,0,13421,0,0,6,pixel,,1.0,240,True,False
1895af8cc573,github,react,tailwind,page,400,11060,2048,13108,1280,7917,35311,13464,21203,21835,513,156,3,pixel,,1.0,653,True,False
ec3b447e60e1,codepen,angular,vanilla,page,192,6881,990,7871,1408,720,18075,11086,13104,6947,297,109,0,pixel,,1.0,208,True,False
798363120d83,codepen,vanilla,tailwind,component,15,383,900,1283,1280,720,1135,337,408,756,15,7,0,pixel,,1.0,20,True,False
2b115cc24d05,github,angular,antd,page,748,32749,2048,34797,1280,6076,93915,55283,86826,38428,110,40,9,pixel,,1.0,1155,True,False
c7768390542b,codepen,vanilla,vanilla,component,24,995,1359,2354,1280,1087,2435,368,435,2025,16,2,0,pixel,,1.0,33,True,False
747f08f49d60,github,angular,vanilla,button,354,8208,1711,9919,1280,1369,24711,0,0,25068,0,0,2,pixel,,1.0,653,True,False
06597306ac33,github,angular,vanilla,button,268,8110,2048,10158,1280,7598,23907,0,0,22666,0,0,6,pixel,,1.0,320,True,False
8f7906460b81,github,react,tailwind,button,411,6596,2048,8644,1280,6851,25463,0,0,25253,0,0,0,pixel,,1.0,555,True,False
adce958f41d0,orbit-kiwi,angular,tailwind,button,24,2550,900,3450,1280,720,7504,4385,460913,3090,110,66,0,pixel,,0.9988910661197349,30,True,False
b03296588711,github,angular,vanilla,button,148,4004,2048,6052,1280,3676,9205,0,0,8153,0,0,2,pixel,,1.0,183,True,False
092d50255a7a,codepen,angular,tailwind,modal,293,6880,2048,8928,1280,2912,25083,2100,4637,22954,60,22,33,pixel,,1.0,441,True,False
